mae,rmse,mape,r2,frobenius,production_mae,attraction_mae,correlation,forward_rmse,model
296.3371743835001,455.4838671494692,65403952.845256336,0.3713069479621906,455.4838671494706,69.61055343872185,69.61062384620998,0.870656911622245,56.300156638101704,ridge
296.99586653419897,455.3202363184794,64491421.19325706,0.3591195392740673,455.3202363184807,53.55262533422348,53.59456303784666,0.8707363280356615,67.12743362111212,residual_mlp_1blk
302.1237615054524,460.72444906598065,61085719.00874794,0.33880946583788313,460.724449065982,57.808536368368465,56.82686621914797,0.867416242424789,95.83003010748129,mlp_2L
303.3802747648792,467.7591599748573,64385355.30137642,0.34440138831087613,467.7591599748586,61.36230164501578,61.254508831842934,0.8633947780487142,79.53929631618998,residual_mlp_2blk
306.19109368481304,464.51352959730485,61742025.99872466,0.32151501166903723,464.5135295973063,81.75791088085253,83.25018248946516,0.865069652901756,128.2277576215844,mlp_3L
307.49405664570247,468.5262088205611,61359378.035868555,0.3142816012709747,468.5262088205626,89.85882806368733,88.78683256966781,0.8625684817879741,135.25329799398529,mlp_4L
311.6469907482241,483.1866120991313,62889846.738912806,0.32187093747073203,483.1866120991326,75.08053535548034,74.54230139323418,0.8540691682070479,90.49015167905772,residual_mlp_3blk
318.61667204285095,483.4632587717943,57783673.39914483,0.2677684436746997,483.4632587717957,222.2950172866218,222.08786776979028,0.8532824091244926,214.31783670528438,mlp_5L
634.505280750933,1122.6270694854338,100.0,-1.050806113251816,1122.627069485433,15228.126738022389,15228.126738022393,,4365.487040107693,residual_mlp_wide_3blk
